{
  "texture_data": {
    "dirt_sword": {
      "textures": "textures/items/ue/dirt_sword"
    },
    "dirt_shovel": {
      "textures": "textures/items/ue/dirt_shovel"
    },
    "dirt_axe": {
      "textures": "textures/items/ue/dirt_axe"
    },
    "dirt_pickaxe": {
      "textures": "textures/items/ue/dirt_pickaxe"
    },
    "dirt_hoe": {
      "textures": "textures/items/ue/dirt_hoe"
    },
    "dirt_helmet": {
      "textures": "textures/items/ue/dirt_helmet"
    },
    "dirt_chestplate": {
      "textures": "textures/items/ue/dirt_chestplate"
    },
    "dirt_leggings": {
      "textures": "textures/items/ue/dirt_leggings"
    },
    "dirt_boots": {
      "textures": "textures/items/ue/dirt_boots"
    }
  }
}