{
  "format_version": "1.10.0",
  "minecraft:attachable": {
    "description": {
      "identifier": "ue:dirt_leggings.player",
      "item": {
        "minecraf:dirt_leggings": "query.owner_identifier \u003d\u003d \u0027minecraft:player\u0027"
      },
      "materials": {
        "default": "armor",
        "enchanted": "armor_enchanted"
      },
      "textures": {
        "default": "textures/models/armor/ue/dirt_2",
        "enchanted": "textures/misc/enchanted_item_glint"
      },
      "geometry": {
        "default": "geometry.player.armor.leggings"
      },
      "scripts": {
        "parent_setup": "variable.leg_layer_visible \u003d 0.0;"
      },
      "render_controllers": [
        "controller.render.armor"
      ]
    }
  }
}